path,redirect_kind,target,rule_id,is_fallback
/,none,,,false
/app-news/10-sleva-na-dalsi-predmety-vividbooks,internal,/novinky/spoluprace-s-ministerstvem,mapped.app-news,false
/app-news/darek-na-cele-leto-vividboard-premiove-funkce-ai-2-0-a-neomezene-uloziste-zdarma,internal,/novinky/vividboard-aktualizace-jaro-2026,mapped.app-news,false
/app-news/nova-aplikace-vividbooks,internal,/novinky/nova-ucebnice-matematiky-6-rocnik,mapped.app-news,false
/app-news/nove-funkce-ve-vividboardu,internal,/novinky/vividboard-aktualizace-jaro-2026,mapped.app-news,false
/app-news/novinka-3d-modely-v-prirodopise,internal,/novinky/nova-ucebnice-matematiky-6-rocnik,mapped.app-news,false
/app-news/predobjednejte-si-pracovni-sesity,internal,/novinky/nova-ucebnice-matematiky-6-rocnik,mapped.app-news,false
/app-news/prihlaste-svoji-tridu-do-celostatni-matematicke-20minutovky-a-vyhrajte-pracovni-sesity-matematiky-pro-celou-tridu,internal,/novinky/dvpp-webinare-jaro-2026,mapped.app-news,false
/app-news/prohlednete-si-matematiku-a-prvouku-pro-1-rocnik,internal,/novinky/nova-ucebnice-matematiky-6-rocnik,mapped.app-news,false
/app-news/prolistujte-si-katalog-pracovnich-sesitu-pro-rok-2026-2026,internal,/novinky/nova-ucebnice-matematiky-6-rocnik,mapped.app-news,false
/app-news/velke-novinky-pro-1-stupen-dolozky-msmt-2-rocnik-a-nove-pisanky,internal,/novinky/spoluprace-s-ministerstvem,mapped.app-news,false
/cs/blog,internal,/blog,exact.blog-index.cs,false
/cs/blog/4-klicove-rady-od-odborniku-jak-zlepsit-vedeni-skoly-a-podporit-ucitelsky-tym,internal,/blog,fallback.blog-cs,true
/cs/blog/5-letnich-novinek-ve-vividboardu-ktere-posunou-vasi-vyuku-na-novy-level,internal,/blog,fallback.blog-cs,true
/cs/blog/6-nastroju-ktere-pomahaji-ucitelum-s-moderni-vyuku,internal,/blog,fallback.blog-cs,true
/cs/blog/audit-ceskeho-vzdelavani-jak-ma-podle-eduin-vypadat-moderni-ucebnice,internal,/blog,fallback.blog-cs,true
/cs/blog/borivoj-brdlicka-zaci-nestoji-o-ai-ucitele-ale-o-ty-zive-musime-se-ale-naucit-jak-technologie-do-vyuky-smysluplne-zapojit,internal,/blog,fallback.blog-cs,true
/cs/blog/inspirace-do-vyuky-financni-gramotnost-pro-skoly-jednoduse-interaktivne-a-zdarma,internal,/blog/financni-gramotnost-pro-skoly,mapped.blog-cs,false
/cs/blog/irena-dvorakova,internal,/blog,fallback.blog-cs,true
/cs/blog/jak-je-to-s-vividbooks-a-rozsirenou-realitou,internal,/blog,fallback.blog-cs,true
/cs/blog/jak-jednoduse-zvysit-aktivni-ucast-studentu-ve-vyuce-diky-digitalnim-nastrojum,internal,/blog,fallback.blog-cs,true
/cs/blog/jak-na-skupinovou-praci-ve-vyuce-efektivni-nastroj-pro-spolupraci-a-rozvoj-kompetenci,internal,/blog,fallback.blog-cs,true
/cs/blog/jamboard-definitivne-konci-jaka-je-nejlepsi-alternativa-pro-ucitele,internal,/blog,fallback.blog-cs,true
/cs/blog/marie-capova,internal,/blog,fallback.blog-cs,true
/cs/blog/matematika-co-se-meni-s-novou-revizi-rvp-a-jak-na-to-reaguji-ucebnice,internal,/blog,fallback.blog-cs,true
/cs/blog/matika-cesku-rozdava-10-milionu,internal,/blog,fallback.blog-cs,true
/cs/blog/nova-prvouka-jak-propojit-moderni-metody-s-tradicni-vyukou,internal,/blog,fallback.blog-cs,true
/cs/blog/od-textu-k-aktivite-jak-frantisek-cab-navzdy-zmenil-ucebnice,internal,/blog,fallback.blog-cs,true
/cs/blog/odlozeni-revize-rvp-ocima-odbornika-dekana-a-reditele,internal,/blog,fallback.blog-cs,true
/cs/blog/petra-kacmarcikova-bakajsova-postavit-vzdelavaci-program-skoly-na-vystupech-namisto-uciva-neni-raketova-veda,internal,/blog,fallback.blog-cs,true
/cs/blog/pomocnik-pri-vyuce-chemie-na-zakladnich-skolach,internal,/blog,fallback.blog-cs,true
/cs/blog/pribeh-tridy-ktera-vyrustala-s-vividbooks,internal,/blog/pribeh-tridy-ktera-vyrostla-s-vividbooks,mapped.blog-cs,false
/cs/blog/proc-se-nektere-deti-boji-matematiky-o-potrebe-porozumeni-v-matematice-a-dulezitosti-vyukovych-metod,internal,/blog,fallback.blog-cs,true
/cs/blog/projektova-vyuka-na-zakladni-skole-inspirace-z-webinare-a-tipy-do-praxe,internal,/blog,fallback.blog-cs,true
/cs/blog/revize-kurikula-vyzvy-a-reseni-implementace,internal,/blog,fallback.blog-cs,true
/cs/blog/rozhovor-karel-vojir-jaka-bude-evoluce-vyuky-prirodopisu-v-pristich-letech,internal,/blog,fallback.blog-cs,true
/cs/blog/rozhovor-pavel-klavik---orgpad-a-propojeni-s-vividboardem,internal,/blog,fallback.blog-cs,true
/cs/blog/rozhovor-s-danem-brodnickem-jak-efektivne-vest-hodinu-a-budovat-vztahy-ve-tride,internal,/blog,fallback.blog-cs,true
/cs/blog/rozhovor-s-josefem-holym-jak-algoritmy-a-ai-meni-deti-i-skolstvi-a-proc-nestaci-jen-zakazat-mobily,internal,/blog/algoritmy-a-ai-meni-deti,mapped.blog-cs,false
/cs/blog/svp-snadno-a-prakticky-pruvodce-pro-ucitele-zakladnich-skol,internal,/blog,fallback.blog-cs,true
/cs/blog/umela-inteligence-ve-vzdelavani-prakticke-tipy-prilezitosti-a-pravidla-pro-praxi,internal,/blog,fallback.blog-cs,true
/cs/blog/vividbooks-na-ct1-reportaz-o-nasich-zacatcich,internal,/blog,fallback.blog-cs,true
/cs/blog/vividbooks-prirodopis-ucebnice-podporujici-badatelske-mysleni-a-realne-souvislosti,internal,/blog,fallback.blog-cs,true
/cs/cenik,internal,/objednat,exact.objednat.cs,false
/cs/cesky-jazyk,internal,/predmet/cesky-jazyk,predmet.cs-slug,false
/cs/chemie,internal,/predmet/chemie,predmet.cs-slug,false
/cs/didakticke-obrazy-a-plakaty,internal,/dalsi-produkty,exact.didakticke,false
/cs/dokonceni-matematiky,internal,/predmet/matematika,predmet.cs-slug,false
/cs/domskola,internal,/,exact.domskola,false
/cs/domskola-dekujeme,internal,/,exact.domskola-dekujeme,false
/cs/dvpp-akreditovany-kurz,internal,/webinare,exact.dvpp-kurz,false
/cs/dvpp-webinare,internal,/webinare,exact.dvpp-webinare,false
/cs/form-test-free-trial,internal,/vyzkousejte,pattern.free-trial,false
/cs/free-trial-active-free-trial,internal,/vyzkousejte,pattern.free-trial,false
/cs/free-trial-active-subscription,internal,/vyzkousejte,pattern.free-trial,false
/cs/free-trial-cz,internal,/vyzkousejte,pattern.free-trial,false
/cs/free-trial-cz-new,internal,/vyzkousejte,pattern.free-trial,false
/cs/free-trial-ty-cz-ab,internal,/vyzkousejte,pattern.free-trial,false
/cs/free-trial-used-cz,internal,/vyzkousejte,pattern.free-trial,false
/cs/fyzika,internal,/predmet/fyzika,predmet.cs-slug,false
/cs/interaktivni-licence,internal,/,exact.interaktivni-licence,false
/cs/jak-zacit-s-vividbooks,internal,/webinare,exact.jak-zacit,false
/cs/kampan/dekujeme,internal,/,collapse.kampan,false
/cs/kampan/kampan-1-stupen,internal,/,collapse.kampan,false
/cs/kampan/matematika-rok-zdarma,internal,/,collapse.kampan,false
/cs/kampan/objednavka,internal,/,collapse.kampan,false
/cs/kariera,internal,/kontakt,exact.kariera,false
/cs/katalog-jeden-krok,internal,/objednat,exact.katalog-jeden-krok,false
/cs/katalog-registrace,internal,/objednat,exact.katalog-registrace,false
/cs/kontakt,internal,/kontakt,exact.kontakt.cs,false
/cs/matematika,internal,/predmet/matematika,predmet.cs-slug,false
/cs/matematika---2-stupen-old,internal,/predmet/matematika,predmet.cs-slug,false
/cs/matematika-1-stupen,internal,/predmet/matematika,predmet.cs-slug,false
/cs/matematika-2-stupen-new,internal,/predmet/matematika,predmet.cs-slug,false
/cs/minihry,internal,/vyzkousejte,exact.minihry,false
/cs/mobile-menu,internal,/,exact.mobile-menu.cs,false
/cs/mobilni-aplikace,internal,/dalsi-produkty,exact.mobilni-aplikace,false
/cs/nasi-zakaznici,internal,/,exact.nasi-zakaznici,false
/cs/odhlaseni-z-newsletteru,internal,/,exact.odhlaseni-newsletter,false
/cs/otevrit-ucebnice,internal,/,exact.otevrit-ucebnice.cs,false
/cs/pisanky,internal,/predmet/cesky-jazyk,exact.pisanky,false
/cs/podporovana-zarizeni-cz,internal,/dalsi-produkty,exact.podporovana-zarizeni,false
/cs/poptat-mentoring-program,internal,/kontakt,exact.poptat-mentoring,false
/cs/prirodopis,internal,/predmet/prirodopis,predmet.cs-slug,false
/cs/proc-to-delame,internal,/,exact.proc-to-delame,false
/cs/prvouka,internal,/predmet/prvouka,predmet.cs-slug,false
/cs/rozsirena-realita,internal,/vyzkousejte,exact.rozsirena-realita.cs,false
/cs/skolni-sesity,internal,/dalsi-produkty,exact.skolni-sesity,false
/cs/studenti,internal,/vyzkousejte,exact.studenti,false
/cs/studenti-ucitelstvi/dekujeme,internal,/vyzkousejte,collapse.studenti-ucitelstvi,false
/cs/studenti-ucitelstvi/pouzity-email,internal,/vyzkousejte,collapse.studenti-ucitelstvi,false
/cs/testing,internal,/,exact.testing.cs,false
/cs/ukazky/chemie,internal,/vyzkousejte,prefix.ukazky,false
/cs/ukazky/fyzika,internal,/vyzkousejte,prefix.ukazky,false
/cs/ukazky/matematika-1-ukazka,internal,/vyzkousejte,prefix.ukazky,false
/cs/ukazky/matematika-ukazka,internal,/vyzkousejte,prefix.ukazky,false
/cs/ukazky/prirodopis-ukazka,internal,/vyzkousejte,prefix.ukazky,false
/cs/ukazky/prvouka-ukazka,internal,/vyzkousejte,prefix.ukazky,false
/cs/unikatni-tistene-pracovni-sesity-a-ucebnice,internal,/dalsi-produkty,exact.tistene,false
/cs/vividboard,internal,/vividboard,exact.vividboard-root,false
/cs/vividboard/co-lze-vytvorit-s-vividboard,internal,/vividboard,collapse.vividboard.cs,false
/cs/vividboard/inspirace/anglicky-jazyk-zakladni-slovicka,internal,/vividboard,collapse.vividboard.cs,false
/cs/vividboard/inspirace/chemie-smesi,internal,/vividboard,collapse.vividboard.cs,false
/cs/vividboard/inspirace/dejepis-zacatek-1-svetove-valky,internal,/vividboard,collapse.vividboard.cs,false
/cs/vividboard/inspirace/fyzika-skladani-sil,internal,/vividboard,collapse.vividboard.cs,false
/cs/vividboard/inspirace/hudebni-vychova-kviz-popularni-hudby,internal,/vividboard,collapse.vividboard.cs,false
/cs/vividboard/inspirace/informatika-unikova-hra,internal,/vividboard,collapse.vividboard.cs,false
/cs/vividboard/inspirace/odcitani-desetinnych-cisel,internal,/vividboard,collapse.vividboard.cs,false
/cs/vividboard/inspirace/prihlaska-na-skolni-vylet,internal,/vividboard,collapse.vividboard.cs,false
/cs/vividboard/inspirace/prirodopis-savci-a-ptaci,internal,/vividboard,collapse.vividboard.cs,false
/cs/vividboard/inspirace/prvociselny-rozklad-na-soucin,internal,/vividboard,collapse.vividboard.cs,false
/cs/vividboard/inspirace/spokojenost-ve-skole,internal,/vividboard,collapse.vividboard.cs,false
/cs/vividboard/inspirace/vzajemna-poloha-dvou-primek,internal,/vividboard,collapse.vividboard.cs,false
/cs/vividboard/kontakt,internal,/vividboard,collapse.vividboard.cs,false
/cs/vividboard/nastroje,internal,/vividboard,collapse.vividboard.cs,false
/cs/webinar-ty,internal,/webinare,exact.webinar-ty,false
/cs/webinare,internal,/webinare,exact.webinare.cs,false
/cs/ziva-ukazka,internal,/vyzkousejte,exact.ziva-ukazka,false
/docs/8-principu-vividbooks-matematiky,internal,/,prefix.docs-fallback,false
/docs/9-principu-vividbooks-chemie,internal,/,prefix.docs-fallback,false
/docs/9-principu-vividbooks-fyziky,internal,/,prefix.docs-fallback,false
/docs/9-principu-vividbooks-matematiky,internal,/,prefix.docs-fallback,false
/docs/9-principu-vividbooks-prirodopisu,internal,/,prefix.docs-fallback,false
/docs/9-principu-vividbooks-prvouky,internal,/,prefix.docs-fallback,false
/docs/co-obsahuje-vividbooks-prirodopis-pro-6-tridu,internal,/,prefix.docs-fallback,false
/docs/curriculum-cambridge,internal,/,prefix.docs-fallback,false
/docs/eula,internal,/,prefix.docs-fallback,false
/docs/eula-cs,internal,/,prefix.docs-fallback,false
/docs/katalog,internal,/,prefix.docs-fallback,false
/docs/katalog-2026,internal,/,prefix.docs-fallback,false
/docs/katalog-plakatu,internal,/,prefix.docs-fallback,false
/docs/la-lista-de-leccioness,internal,/,prefix.docs-fallback,false
/docs/list-of-lessons,internal,/,prefix.docs-fallback,false
/docs/manual-chemie,internal,/,prefix.docs-fallback,false
/docs/manual-en,internal,/,prefix.docs-fallback,false
/docs/manual-es,internal,/,prefix.docs-fallback,false
/docs/manual-fyzika,internal,/,prefix.docs-fallback,false
/docs/obchodne-podmienky,internal,/,prefix.docs-fallback,false
/docs/obsah-vividbooks-matematiky,internal,/,prefix.docs-fallback,false
/docs/obsah-vividbooks-prirodopisu,internal,/,prefix.docs-fallback,false
/docs/podmienky-pouzivania,internal,/,prefix.docs-fallback,false
/docs/privacy-policy,internal,/,prefix.docs-fallback,false
/docs/privacy-policy-cz,internal,/,prefix.docs-fallback,false
/docs/prvouka---obsah,internal,/,prefix.docs-fallback,false
/docs/prvouka---ukazkove-stranky,internal,/,prefix.docs-fallback,false
/docs/rvp,internal,/,prefix.docs-fallback,false
/docs/seznam-lekci,internal,/,prefix.docs-fallback,false
/docs/seznam-lekci-chemie,internal,/,prefix.docs-fallback,false
/docs/seznam-lekci-fyzika,internal,/,prefix.docs-fallback,false
/docs/supported-devices,internal,/,prefix.docs-fallback,false
/docs/tematicky-plan-matematiky-pro-1-rocnik,internal,/,prefix.docs-fallback,false
/docs/tematicky-plan-vyvoje-prirodopisu,internal,/,prefix.docs-fallback,false
/docs/test-pdf,internal,/,prefix.docs-fallback,false
/docs/ukazka-lekce-fyzika,internal,/,prefix.docs-fallback,false
/docs/ukazkova-kapitola-matematiky,internal,/,prefix.docs-fallback,false
/docs/uvod-do-metodicke-prirucky-matematiky-1-rocniku,internal,/,prefix.docs-fallback,false
/docs/vividboard-eula,internal,/,prefix.docs-fallback,false
/docs/vividboard-zasady-ochrany-osobnich-udaju,internal,/,prefix.docs-fallback,false
/docs/vob,internal,/,prefix.docs-fallback,false
/docs/vseobecne-obchodni-podminky,internal,/,prefix.docs-fallback,false
/docs/zaciname-s-vividbooks,internal,/,prefix.docs-fallback,false
/docs/zaciname-sk,internal,/,prefix.docs-fallback,false
/docs/zasady-ochrany-osobnych-udajov,internal,/,prefix.docs-fallback,false
/docs/zoznam-lekcii,internal,/,prefix.docs-fallback,false
/dvpp-webinare/cesky-jazyk,internal,/webinare,collapse.dvpp-webinare,false
/dvpp-webinare/chemie,internal,/webinare,collapse.dvpp-webinare,false
/dvpp-webinare/fyzika,internal,/webinare,collapse.dvpp-webinare,false
/dvpp-webinare/matematika,internal,/webinare,collapse.dvpp-webinare,false
/dvpp-webinare/prirodopis,internal,/webinare,collapse.dvpp-webinare,false
/dvpp-webinare/profesni-rozvoj,internal,/webinare,collapse.dvpp-webinare,false
/dvpp-webinare/prvouka,internal,/webinare,collapse.dvpp-webinare,false
/dvpp-webinare/tvorba-svp,internal,/webinare,collapse.dvpp-webinare,false
/dvpp-webinare/umela-inteligence,internal,/webinare,collapse.dvpp-webinare,false
/dvpp-webinare/vedeni-skoly,internal,/webinare,collapse.dvpp-webinare,false
/dvpp-webinare/vividboard,internal,/webinare,collapse.dvpp-webinare,false
/en,internal,/,exact.home.en,false
/en/about,internal,/,exact.about.en,false
/en/augmented-reality,internal,/vyzkousejte,exact.augmented.en,false
/en/chemistry,internal,/predmet/chemie,predmet.en-subject,false
/en/contact,internal,/kontakt,exact.kontakt.en,false
/en/free-trial-ty,internal,/vyzkousejte,pattern.free-trial,false
/en/free-trial-unused-xxxxxx,internal,/vyzkousejte,pattern.free-trial,false
/en/free-trial-used,internal,/vyzkousejte,pattern.free-trial,false
/en/mobile-apps,internal,/dalsi-produkty,exact.mobile-apps.en,false
/en/mobile-menu,internal,/,exact.mobile-menu.en,false
/en/physics,internal,/predmet/fyzika,predmet.en-subject,false
/en/pricing,internal,/objednat,exact.pricing.en,false
/en/supported-devices,internal,/dalsi-produkty,exact.supported-devices.en,false
/es,internal,/,exact.home.es,false
/es/carrera,internal,/kontakt,exact.carrera.es,false
/es/contacto,internal,/kontakt,exact.kontakt.es,false
/es/dispositivos-compatibles,internal,/dalsi-produkty,exact.dispositivos.es,false
/es/fisica,internal,/predmet/fyzika,predmet.es-subject,false
/es/free-trial-es,internal,/vyzkousejte,pattern.free-trial,false
/es/free-trial-ty-es,internal,/vyzkousejte,pattern.free-trial,false
/es/free-trial-used-es,internal,/vyzkousejte,pattern.free-trial,false
/es/mobile-apps-es,internal,/dalsi-produkty,exact.mobile-apps.es,false
/es/mobile-menu-es,internal,/,exact.mobile-menu.es,false
/es/precios,internal,/objednat,exact.pricing.es,false
/es/quimica,internal,/predmet/chemie,predmet.es-subject,false
/es/realidad-aumentada,internal,/vyzkousejte,exact.realidad.es,false
/es/seminarios-web,internal,/webinare,exact.webinare.es,false
/es/sobre-nosotros,internal,/,exact.sobre.es,false
/es/webinars-ty-es,internal,/webinare,exact.webinars-ty.es,false
/hvezda-vyuky,internal,/akce,exact.star-root.cz,false
/hviezda-vyucby,internal,/akce,exact.star-root.sk,false
/jobs/area-sales-manager,internal,/kontakt,collapse.jobs,false
/jobs/customer-care-specialist,internal,/kontakt,collapse.jobs,false
/jobs/office-manager,internal,/kontakt,collapse.jobs,false
/jobs/test-job-es,internal,/kontakt,collapse.jobs,false
/jobs/tvurce-interaktivniho-obsahu-matematiky,internal,/kontakt,collapse.jobs,false
/links/bleskovy-souboj-trid,internal,/katalog,mapped.links-eshop,false
/links/hledame-partnera,internal,/kontakt,mapped.links,false
/links/katalog-2025,internal,/katalog,mapped.links-eshop,false
/links/katalog-2026,internal,/katalog,mapped.links,false
/links/katalog-plakaty,internal,/katalog,mapped.links-eshop,false
/links/katalog-pro-distributory,internal,/katalog,mapped.links-eshop,false
/links/letni-vzdelavani-reditelu-zs-balicek,internal,/webinare,mapped.links,false
/links/modernizujte-s-nami-ceske-skoly,internal,/katalog,mapped.links-eshop,false
/links/navod,internal,/katalog,mapped.links-eshop,false
/links/nechte-nam-kontakt,internal,/kontakt,mapped.links,false
/links/objednat-pracovni-sesity,internal,/katalog,mapped.links-eshop,false
/links/objednatsk,external,https://old.vividbooks.com/links/objednatsk,external.links,false
/links/pf2026,internal,/katalog,mapped.links-eshop,false
/links/portfolio-vitekskop,internal,/katalog,mapped.links-eshop,false
/links/predobjednavka,internal,/katalog,mapped.links-eshop,false
/links/prehled-minuleho-roku-v-cislech,internal,/katalog,mapped.links-eshop,false
/links/prolistovat,internal,/katalog,mapped.links-eshop,false
/links/prvoukalekce11,internal,/predmet/prvouka,mapped.links-eshop,false
/links/prvoukalekce14,internal,/predmet/prvouka,mapped.links-eshop,false
/links/prvoukalekce15,internal,/predmet/prvouka,mapped.links-eshop,false
/links/prvoukalekce17,internal,/predmet/prvouka,mapped.links-eshop,false
/links/prvoukalekce21,internal,/predmet/prvouka,mapped.links-eshop,false
/links/prvoukalekce23,internal,/predmet/prvouka,mapped.links-eshop,false
/links/prvoukalekce24,internal,/predmet/prvouka,mapped.links-eshop,false
/links/prvoukalekce25,internal,/predmet/prvouka,mapped.links-eshop,false
/links/prvoukalekce26,internal,/predmet/prvouka,mapped.links-eshop,false
/links/prvoukalekce27,internal,/predmet/prvouka,mapped.links-eshop,false
/links/prvoukalekce30,internal,/predmet/prvouka,mapped.links-eshop,false
/links/prvoukalekce32,internal,/predmet/prvouka,mapped.links-eshop,false
/links/prvoukalekce4,internal,/predmet/prvouka,mapped.links-eshop,false
/links/prvoukalekce5,internal,/predmet/prvouka,mapped.links-eshop,false
/links/prvoukalekce7,internal,/predmet/prvouka,mapped.links-eshop,false
/links/skoleni-matematika,internal,/webinare,mapped.links,false
/links/ucebnice-umeni,internal,/katalog,mapped.links-eshop,false
/links/vanocni-souboj-trid,internal,/katalog,mapped.links-eshop,false
/links/zprava-pro-rodice,internal,/katalog,mapped.links-eshop,false
/privacy-policy,internal,/,exact.privacy,false
/school/cz/cenik-bckp-nemazat,internal,/,fallback.school,true
/school/cz/free-trial-cz-old-copy,internal,/vyzkousejte,pattern.free-trial,false
/school/cz/fy-che-old,internal,/,fallback.school,true
/school/sk/cennik-hidden,internal,/,fallback.school,true
/school/sk/free-trial-sk,internal,/vyzkousejte,pattern.free-trial,false
/school/sk/free-trial-ty-sk,internal,/vyzkousejte,pattern.free-trial,false
/school/sk/katalog-jeden-krok,internal,/objednat,exact.katalog-jeden-krok.school-as-cs,false
/school/sk/katalog-registracia,internal,/,fallback.school,true
/school/sk/rozsirena-realita,internal,/vyzkousejte,exact.rozsirena-realita.cs.school-as-cs,false
/sk,none,,,false
/sk/ako-na-fyziku,none,,,false
/sk/ako-zacat-pouzivat-vividbooks,none,,,false
/sk/chemia,none,,,false
/sk/dvpp-akreditovany-kurz,none,,,false
/sk/free-trial,internal,/vyzkousejte,pattern.free-trial,false
/sk/free-trial-ty,internal,/vyzkousejte,pattern.free-trial,false
/sk/free-trial-used,internal,/vyzkousejte,pattern.free-trial,false
/sk/fyzika,none,,,false
/sk/interaktivni-licence,none,,,false
/sk/kariera,none,,,false
/sk/kontakt,none,,,false
/sk/matematika,none,,,false
/sk/mobile-menu,none,,,false
/sk/mobilni-aplikace,none,,,false
/sk/nasi-zakaznici,none,,,false
/sk/objednat,none,,,false
/sk/podporovane-zariadenia,none,,,false
/sk/pracovne-zosity-a-ucebnice,none,,,false
/sk/preco-to-robime,none,,,false
/sk/webinar-ty,none,,,false
/sk/webinare,none,,,false
/sk/ziva-ukazka-sk,none,,,false
/tiskoviny/caranka-pro-nevazane-pismo,none,,,false
/tiskoviny/chemie-pracovni-sesit-1dil,none,,,false
/tiskoviny/chemie-pracovni-sesit-2dil,none,,,false
/tiskoviny/fyzika-pracovni-sesit-pro-6-tridu,none,,,false
/tiskoviny/fyzika-pracovni-sesit-pro-7-tridu,none,,,false
/tiskoviny/fyzika-pracovni-sesit-pro-8-tridu,none,,,false
/tiskoviny/fyzika-pracovni-sesit-pro-9-tridu,none,,,false
/tiskoviny/matematika-1-rocnik-1-dil,none,,,false
/tiskoviny/matematika-1-rocnik-2-dil,none,,,false
/tiskoviny/matematika-1-rocnik-3-dil,none,,,false
/tiskoviny/matematika-1-rocnik-pocetnicek,none,,,false
/tiskoviny/matematika-2-rocnik-1-dil,none,,,false
/tiskoviny/matematika-2-rocnik-2-dil,none,,,false
/tiskoviny/matematika-2-rocnik-3-dil,none,,,false
/tiskoviny/matematika-2-rocnik-pocetnicek,none,,,false
/tiskoviny/matematika-pracovni-sesit-pro-6-tridu-1-dil,none,,,false
/tiskoviny/matematika-pracovni-sesit-pro-6-tridu-2-dil,none,,,false
/tiskoviny/pracovni-sesit-krok-za-krokem-pro-6-rocnik---2-dil,none,,,false
/tiskoviny/pracovni-sesit-krok-za-krokem-pro-8-rocnik---2-dil,none,,,false
/tiskoviny/pracovni-sesit-krok-za-krokem-pro-9-rocnik---2-dil-copy,none,,,false
/tiskoviny/pracovni-sesit-pro-7-rocnik,none,,,false
/tiskoviny/pracovni-sesit-pro-7-tridu---1-dil,none,,,false
/tiskoviny/pracovni-sesit-pro-7-tridu---2-dil,none,,,false
/tiskoviny/pracovni-sesit-pro-8-rocnik---1-dil,none,,,false
/tiskoviny/pracovni-sesit-pro-8-rocnik---2-dil,none,,,false
/tiskoviny/pracovni-sesit-pro-8-rocnik---clovek,none,,,false
/tiskoviny/pracovni-sesit-pro-9-rocnik,none,,,false
/tiskoviny/pracovni-sesit-pro-9-rocnik---1-dil,none,,,false
/tiskoviny/pracovni-sesit-pro-9-rocnik---2-dil,none,,,false
/tiskoviny/pracovni-sesit-pro-vsechny-pro-6-rocnik---1-dil,none,,,false
/tiskoviny/pracovni-sesit-pro-vsechny-pro-7-rocnik---1-dil,none,,,false
/tiskoviny/pracovni-sesit-pro-vsechny-pro-7-rocnik---2-dil,none,,,false
/tiskoviny/pracovni-sesit-pro-vsechny-pro-8-rocnik---1-dil,none,,,false
/tiskoviny/pracovni-sesit-pro-vsechny-pro-9-rocnik---1-dil,none,,,false
/tiskoviny/prirodopis-pro-6-rocnik,none,,,false
/tiskoviny/prvouka-1-rokcnik-1-dil,none,,,false
/tiskoviny/prvouka-1-rokcnik-2-dil,none,,,false
/tiskoviny/prvouka-2-rocnik-1-dil,none,,,false
/tiskoviny/prvouka-2-rocnik-2-dil,none,,,false
/video/ai-v-praxi-pro-pedagogy,none,,,false
/video/badame-na-prvnim-stupni,none,,,false
/video/detailni-srovnani-rad,none,,,false
/video/interaktivni-lekce-aktivita-do-hodiny,none,,,false
/video/jak-na-nova-temata-podle-noveho-rvp,none,,,false
/video/jak-na-praci-s-jednotkami,none,,,false
/video/jak-na-procenta-ve-vividbooks-matematice,none,,,false
/video/jak-na-simulacni-hry-ve-vyuce,none,,,false
/video/jak-na-skupinovou-praci-ve-vyuce,none,,,false
/video/jak-na-ulohy-s-umernosti,none,,,false
/video/jak-na-vztahy-ve-tride,none,,,false
/video/jak-na-zlomky-a-desetinna-cisla,none,,,false
/video/jak-propojit-moderni-metody-s-tradicni-prvoukou,none,,,false
/video/jak-rozmluvi-zaky-ve-fyzice,none,,,false
/video/jak-rozmluvit-zaky-v-chemii,none,,,false
/video/jak-rozmluvit-zaky-v-matematice,none,,,false
/video/jak-se-stat-superucitelem-diky-ai,none,,,false
/video/jak-tvorit-svp-tak-aby-byl-uzitecny-pro-kazdeho-ve-skole,none,,,false
/video/jak-tvorit-svp-tak-aby-byl-uzitecny-pro-kazdeho-ve-skole-z-pohledu-reditele,none,,,false
/video/jak-tvorit-svp-tak-aby-byl-uzitecny-pro-kazdeho-ve-skole-z-pohledu-ucitele,none,,,false
/video/jak-tvorit-svp-tak-aby-byl-uzitecny-pro-kazdeho-ve-skole-z-pohledu-ucitele-2,none,,,false
/video/jak-vytvorit-aktivni-vyuku-v-prirodopise,none,,,false
/video/jednoducha-tvorba-interaktivnich-materialu-s-nastrojem-vividboard,none,,,false
/video/jednoducha-tvorba-zabavne-vyuky-s-vividboardem,none,,,false
/video/matematika-pro-6-rocnik,none,,,false
/video/metody-a-nastroje-ktere-pomahaji-ucitelum-strukturovat-hodinu,none,,,false
/video/miniskoleni-online-rozhrani-matematiky-pro-2-stupen,none,,,false
/video/miniskoleni-online-rozhrani-pro-1-stupen,none,,,false
/video/miniskoleni-online-rozhrani-pro-fyziku-prirodopis-a-chemii,none,,,false
/video/nastroje-pro-interaktivni-vyuku,none,,,false
/video/nove-psaci-pismo-pro-21-stoleti,none,,,false
/video/nove-rvp-a-prirodopis-jak-ucebnice-vividbooks-pomohou-ucitelum-s-revidovanymi-rvp-pro-zv,none,,,false
/video/novy-nastroj-na-rysovani-zdarma,none,,,false
/video/petr-hopfinger---jak-na-rodicovsky-handbook,none,,,false
/video/petr-sobra---psychologie-a-koucovani,none,,,false
/video/petra-bakajsova---vedeni-skoly,none,,,false
/video/pracovnilisty,none,,,false
/video/predstaveni-matematika-pro-vsechny,none,,,false
/video/prirodopis-pro-8-rocnik,none,,,false
/video/prirodopis-v-6-rocniku,none,,,false
/video/radek-skarka-jak-improvizace-obohati-vasi-vyuku,none,,,false
/video/soutezni-kvizy,none,,,false
/video/testy-ulohy-pisemky-a-procvicovani,none,,,false
/video/tvorba-interaktivnich-ucebnich-materialu-pro-zacatecniky,none,,,false
/video/tvorba-vlastnich-interaktivnich-materialu,none,,,false
/video/ucebnice-online,none,,,false
/video/umela-inteligence-na-zakladnich-skolach,none,,,false
/video/uvod-do-vividbooks,none,,,false
/video/vividbooks-chemie-do-hloubky,none,,,false
/video/vividbooks-fyzika-do-hloubky,none,,,false
/video/vividbooks-matematika-7-rocnik,none,,,false
/video/vividbooks-matematika-pro-1-rocnik,none,,,false
/video/vividbooks-matematika-pro-8-rocnik,none,,,false
/video/vividbooks-prirodopis-pro-7-rocnik,none,,,false
/video/vyucovaci-hodina-matematiky,none,,,false
/video/vyucovaci-hodina-matematiky-2,none,,,false
/video/vyucovaci-hodina-prirodopisu,none,,,false
/video/webinar-jak-na-geometrii-a-rysovani-ve-vividbooks-matematice,none,,,false
/video/webinar-jak-na-projektovou-vyuku,none,,,false
/video/webinar-nove-rvp-a-matematika-jak-ucebnice-vividbooks-pomohou-ucitelum-s-revidovanymi-rvp,none,,,false
/video/webinar-novy-prirodopis-pro-9-rocnik,none,,,false
/video/webinar-posledni-vyucovaci-hodina-s-unikovou-hrou,none,,,false
/video/webinar-predstaveni-matematiky-pro-9-rocnik-a-novych-funkci-ve-vividbooks,none,,,false
/video/webinar-predstaveni-nova-prvouka-pro-1-rocnik,none,,,false
/video/webinar-predstaveni-nove-matematiky-pro-1-rocnik,none,,,false
/video/webinar-stredobod-interaktivni-vyuky,none,,,false
/webinars-cz/ai-v-praxi-pro-pedagogy,none,,,false
/webinars-cz/badame-na-prvnim-stupni,none,,,false
/webinars-cz/bleskovy-souboj-trid,none,,,false
/webinars-cz/dan-brodnicek-simulacni-hry-ve-vyuce,none,,,false
/webinars-cz/energeticky-pozitivni-a-udrzitelna-skola-fakta-a-myty,none,,,false
/webinars-cz/financni-rizeni-skoly-prakticky-a-aktualne,none,,,false
/webinars-cz/fyzika-do-hloubky,none,,,false
/webinars-cz/jak-deti-v-zari-uspesne-adaptovat-na-skolu,none,,,false
/webinars-cz/jak-efektivne-pouzivat-vividbooks-ve-tride-s-frantiskem-cabem,none,,,false
/webinars-cz/jak-na-algebraicke-vyrazy,none,,,false
/webinars-cz/jak-na-elektricky-obvod---nova-aplikace-zdarma,none,,,false
/webinars-cz/jak-na-geometrii-a-rysovani-ve-vividbooks-matematice,none,,,false
/webinars-cz/jak-na-interaktivni-vyuku-s-vividboardem,none,,,false
/webinars-cz/jak-na-nova-temata-podle-noveho-rvp,none,,,false
/webinars-cz/jak-na-praci-s-jednotkami-ve-vividbooks-matematice,none,,,false
/webinars-cz/jak-na-procenta-ve-vividbooks-matematice,none,,,false
/webinars-cz/jak-na-projektovou-vyuku,none,,,false
/webinars-cz/jak-na-skupinovou-praci-ve-vyuce,none,,,false
/webinars-cz/jak-na-ulohy-s-umernosti-ve-vividbooks-matematice,none,,,false
/webinars-cz/jak-na-vyuku-fyziky-a-chemie-s-vividbooks,none,,,false
/webinars-cz/jak-na-zlomky-a-desetinna-cisla,none,,,false
/webinars-cz/jak-ozivit-hodinu-chemie-s-ucebnicemi-vividbooks,none,,,false
/webinars-cz/jak-probiha-vyuka-fyziky-a-chemie-s-digitalnimi-ucebnicemi-vividbooks,none,,,false
/webinars-cz/jak-probiha-vyuka-fyziky-a-chemie-s-digitalnimi-ucebnicemi-vividbooks-2,none,,,false
/webinars-cz/jak-rozmluvit-zaky-v-chemii,none,,,false
/webinars-cz/jak-rozmluvit-zaky-v-matematice,none,,,false
/webinars-cz/jak-rozmluvit-zaky-ve-fyzice,none,,,false
/webinars-cz/jak-smysluplne-vyuzit-interaktivni-ucebnice-vividbooks-v-hodinach-chemie,none,,,false
/webinars-cz/jak-tvorit-svp-tak-aby-byl-uzitecny-pro-kazdeho-ve-skole---z-pohledu-reditele,none,,,false
/webinars-cz/jak-tvorit-svp-tak-aby-byl-uzitecny-pro-kazdeho-ve-skole---z-pohledu-ucitele,none,,,false
/webinars-cz/jak-vcas-odhalit-zacatky-radikalizace-a-nasili-ve-skolach,none,,,false
/webinars-cz/jak-vypada-vyuka-fyziky-a-chemie-s-digitalnimi-ucebnicemi-vividbooks,none,,,false
/webinars-cz/jak-vypada-vyuka-fyziky-a-chemie-s-digitalnimi-ucebnicemi-vividbooks-2,none,,,false
/webinars-cz/jak-vytvorit-aktivni-vyuku-v-prirodopise,none,,,false
/webinars-cz/jak-vyuzivat-interaktivni-ucebnice-vividbooks-v-hodine-7,none,,,false
/webinars-cz/jednoducha-tvorba-interaktivnich-materialu-s-vividboardem,none,,,false
/webinars-cz/jednoducha-tvorba-zabavne-vyuky-s-vividboardem,none,,,false
/webinars-cz/letni-vzdelavani-reditelu-zs-financni-rizeni-skoly,none,,,false
/webinars-cz/letni-vzdelavani-reditelu-zs-psychologie-a-koucovani,none,,,false
/webinars-cz/letni-vzdelavani-reditelu-zs-typy-do-vyuky,none,,,false
/webinars-cz/letni-vzdelavani-reditelu-zs-vedeni-skoly,none,,,false
/webinars-cz/matika-cesku-predstaveni-metodiky-aktivni-matematiky-vividbooks,none,,,false
/webinars-cz/metody-a-nastroje-ktere-pomahaji-ucitelum-strukturovat-hodinu,none,,,false
/webinars-cz/mff-katedra-didaktiky-fyziky-seminar-problemy-fyzikalniho-vzdelavani-projekty-ucebnic-vividbooks-a-expedice,none,,,false
/webinars-cz/muni-prf-odpoledne-s-chemii-aneb-chemicka-kavarna-vividbooks-interaktivni-ucebnice-chemie,none,,,false
/webinars-cz/nastroje-pro-interaktivni-vyuku,none,,,false
/webinars-cz/nova-aplikace-vividbooks,none,,,false
/webinars-cz/nove-rvp-a-matematika-jak-ucebnice-vividbooks-pomohou-ucitelum-s-revidovanymi-rvp-pro-zv,none,,,false
/webinars-cz/nove-rvp-a-prirodopis-jak-ucebnice-vividbooks-pomohou-ucitelum-s-revidovanymi-rvp-pro-zv,none,,,false
/webinars-cz/novy-prirodopis-pro-9-rocnik,none,,,false
/webinars-cz/online-setkani-ucitelu-sdileni-tipu-a-zkusenosti-s-vividbooks,none,,,false
/webinars-cz/pohledem-ministra-jak-vypada-smysluplna-digitalizace-skolstvi,none,,,false
/webinars-cz/posledni-vyucovaci-hodina-s-unikovou-hrou,none,,,false
/webinars-cz/prakticke-tipy-pro-umelou-inteligenci-ve-vyuce,none,,,false
/webinars-cz/predstaveni-matematiky-pro-2-rocnik,none,,,false
/webinars-cz/predstaveni-matematiky-pro-9-rocnik-a-novych-funkci-ve-vividbooks,none,,,false
/webinars-cz/predstaveni-nova-matematika-pro-1-rocnik,none,,,false
/webinars-cz/predstaveni-nova-prvouka-pro-1-rocnik,none,,,false
/webinars-cz/predstaveni-nove-rady-cesky-jazyk-od-vividbooks,none,,,false
/webinars-cz/predstaveni-nove-rady-matematika-pro-vsechny,none,,,false
/webinars-cz/predstaveni-novych-funkci-ve-vividbooks,none,,,false
/webinars-cz/predstaveni-prirodopisu-pro-8-rocnik,none,,,false
/webinars-cz/predstaveni-prvouky-pro-2-rocnik,none,,,false
/webinars-cz/predstaveni-vividboard-tvorte-vlastni-aktivity-a-testy,none,,,false
/webinars-cz/predstaveni-vividbooks-matematiky,none,,,false
/webinars-cz/predstaveni-vividbooks-matematiky---8-rocnik,none,,,false
/webinars-cz/predstaveni-vividbooks-matematiky-7-rocnik,none,,,false
/webinars-cz/predstaveni-vividbooks-matematiky-pro-1-rocnik,none,,,false
/webinars-cz/predstaveni-vividbooks-prirodopisu,none,,,false
/webinars-cz/predstaveni-vividbooks-prvouky,none,,,false
/webinars-cz/radek-skarka-jak-improvizace-obohati-vasi-vyuku,none,,,false
/webinars-cz/reditel-jako-leader-s-koucem-a-skolnim-psychologem-petrem-sobrou,none,,,false
/webinars-cz/sdileni-zkusenosti-z-vyuky-s-vividbooks-1,none,,,false
/webinars-cz/setkani-vividbooks-ucitelu-sdileni-typu-a-zkusenosti,none,,,false
/webinars-cz/spoustime-mentoring-program-pro-zacinajici-ne-ucitele-fyziky,none,,,false
/webinars-cz/stredobod-interaktivni-vyuky,none,,,false
/webinars-cz/test,none,,,false
/webinars-cz/tomas-kovac-jak-se-stat-superucitel-diky-ai,none,,,false
/webinars-cz/tvorba-interaktivnich-ucebnich-materialu-pro-zacatecniky,none,,,false
/webinars-cz/ucitele-ucitelum-rady-a-tipy-jak-nejlepe-vyuzit-ucebnice-vividbooks-v-hodine,none,,,false
/webinars-cz/umela-inteligence-na-zakladnich-skolach,none,,,false
/webinars-cz/unikova-hra-do-hodin-fyziky-s-ucebnicemi-vividbooks-zdarma,none,,,false
/webinars-cz/uvod-do-vividbooks,none,,,false
/webinars-cz/uvod-do-vividbooks---komplexni-ucebni-materialy-pro-vasi-skolu,none,,,false
/webinars-cz/uvod-do-vividbooks-a-jejich-vyuziti-ve-tride-2,none,,,false
/webinars-cz/uvod-do-vividbooks-a-jejich-vyuziti-ve-tride-4,none,,,false
/webinars-cz/uvod-do-vividbooks-a-jejich-zapojeni-do-vyuky-6,none,,,false
/webinars-cz/uvod-do-vividbooks-a-prakticke-vyuziti-testovani-3,none,,,false
/webinars-cz/uvod-do-vividbooks-s-frantiskem-cabem,none,,,false
/webinars-cz/uvod-do-vividbooks-test,none,,,false
/webinars-cz/uvod-do-vividbooks-v-listopadu,none,,,false
/webinars-cz/vanocni-souboj-trid-v-matematice,none,,,false
/webinars-cz/vividbooks-chemie-do-hloubky,none,,,false
/webinars-cz/vividbooks-fyzika-do-hloubky,none,,,false
/webinars-cz/vyucovaci-hodina-chemie,none,,,false
/webinars-cz/vyucovaci-hodina-fyziky,none,,,false
/webinars-cz/vyucovaci-hodina-matematiky,none,,,false
/webinars-cz/vyucovaci-hodina-prirodopisu,none,,,false
/webinars-cz/vyuka-s-vividbooks-v-kostce,none,,,false
/webinars-cz/vyuka-s-vividbooks-v-kostce-2,none,,,false
/webinars-cz/vyuka-s-vividbooks-v-kostce-3,none,,,false
/webinars-cz/webinar-novy-nastroj-na-rysovani-zdarma,none,,,false
/webinars-es/inteligencia-artificial-un-debate-pedagogico,none,,,false
