"id","title","description","availability","condition","price","link","image_link","brand","gtin","mpn","google_product_category","product_type"
"69791865ddc8a9234643fe0f","Český jazyk 1. stupeň","Aplikace pro psaní slouží jako bezplatná podpora pro interaktivní tabule, počítače i tablety. Nabízí animace správných tahů každého písmene, interaktivní hry s obtahováním za body a rytmické rozcvičky s hudbou. Učitelé i rodiče si zde mohou navíc vygenerovat a vytisknout vlastní pracovní listy s volitelnou liniaturou (čárkovanou či obrysovou) pro vázanou i nevázanou abecedu.","in stock","new","0.00 CZK","https://www.vividbooks.com/produkt/cesky-jazyk-1-stupen","https://iekkundgizzdbmkzatdl.supabase.co/storage/v1/object/public/make-93a20b6f-images/products/69791865ddc8a9234643fe0f/cover.png","Vividbooks","","VB-69791865ddc8a9234643fe0f","Software > Computer Software > Educational Software","Český jazyk"
"697918414714a4fc8b08a737","Prvouka 1. stupeň","Digitální verze slouží primárně jako interaktivní doplněk k našim tištěným pracovním sešitům. Najdete zde kompletní řešení všech úloh, detailní metodiky pro učitele, interaktivní cvičení na tabuli a další materiály k tisku, které oživí každou hodinu.","in stock","new","0.00 CZK","https://www.vividbooks.com/produkt/prvouka-1-stupen","https://iekkundgizzdbmkzatdl.supabase.co/storage/v1/object/public/make-93a20b6f-images/products/697918414714a4fc8b08a737/cover.png","Vividbooks","","VB-697918414714a4fc8b08a737","Software > Computer Software > Educational Software","Prvouka"
"6979181f9d57ec6df15c3cd8","Matematika 1. stupeň","Digitální verze slouží primárně jako interaktivní doplněk k našim tištěným pracovním sešitům. Najdete zde kompletní řešení všech úloh, detailní metodiky pro učitele, interaktivní cvičení na tabuli a další materiály k tisku, které oživí každou hodinu.","in stock","new","0.00 CZK","https://www.vividbooks.com/produkt/matematika-1-stupen","https://iekkundgizzdbmkzatdl.supabase.co/storage/v1/object/public/make-93a20b6f-images/products/6979181f9d57ec6df15c3cd8/cover.png","Vividbooks","","VB-6979181f9d57ec6df15c3cd8","Software > Computer Software > Educational Software","Matematika 1. stupeň"
"6912f0f415e72b79d11b2103","Přírodopis – Digitální učebnice rozšířený přístup","Učit přírodopis tak, aby si žáci dokázali představit složité přírodní procesy a udrželi pozornost, je často výzva. S digitální učebnicí Vividbooks získáte nástroj, který svět přírody – od mikroskopických živočichů až po celé ekosystémy – promění v názorný vizuální zážitek. Nejde ale jen o poutavé materiály pro žáky. Je to především komplexní podpora pro vás, ve které najdete vše potřebné na jednom místě a ušetříte tak hodiny času při přípravách na výuku. Co všechno v naší online aplikaci najdete? ● Lekce s vizuáliemi a stovkami 3D modelů: Abstraktní témata získávají jasnou podobu. Prozkoumejte s žáky buněčné organely, geologické útvary nebo planetární soustavu ze všech úhlů. Lekce obsahují aktivizační otázky pro konstruktivisticky laděnou hodinu. ● Podrobnou metodickou podporu: Krok za krokem připravené materiály pro každou lekci a téma, které vás plynule provedou celou hodinou. ● Pracovní a badatelské listy: Ideální pro aktivitu přímo v hodině, zarámování a opakování učiva. Z online prostředí si je navíc můžete libovolně vytisknout. ● Testy, písemky a procvičování: Můžete je vyplňovat interaktivně společně se žáky, nechat je pracovat vlastním tempem, nebo procvičování spustit jako zábavnou soutěž. Testy lze libovolně upravovat a tisknout. Detailní vyhodnocení navíc rovnou uvidíte v nástroji Vividboard. ● Učební text: Plnohodnotná náhrada klasické učebnice, která je dostupná kdykoliv a z jakéhokoliv zařízení. Žáci už s sebou nemusí nosit těžké učebnice v aktovkách. Vividbooks mění pasivní poslouchání v aktivní objevování. Navíc s jistotou, že je váš obsah plně v souladu s RVP a moderními trendy v badatelsky orientovaném vzdělávání. 💡 Tip: Digitální učebnici (rozšířený přístup) můžete promítat na interaktivní tabuli pro celou třídu, nebo nechat žáky pracovat samostatně na tabletech. Cena licence se flexibilně odvíjí od počtu vašich žáků a online prostředí lze skvěle kombinovat s našimi tištěnými pracovními sešity.","in stock","new","0.00 CZK","https://www.vividbooks.com/produkt/prirodopis-digitalni-ucebnice-rozsireny-pristup","https://iekkundgizzdbmkzatdl.supabase.co/storage/v1/object/public/make-93a20b6f-images/1772911808671-e6iu4gt9e.png","Vividbooks","","VB-6912f0f415e72b79d11b2103","Software > Computer Software > Educational Software","Přírodopis"
"6912f0e15acce25c82c7236c","Chemie – Digitální učebnice rozšířený přístup","Učit chemii tak, aby si žáci dokázali představit neviditelný svět atomů a molekul, je často výzva. S digitální učebnicí Vividbooks získáte nástroj, který abstraktní chemické děje promění v názorný vizuální zážitek. Nejde ale jen o poutavé animace pro žáky – je to především komplexní podpora pro vás. Najdete tu úplně vše, co k výuce potřebujete, na jednom místě. Ušetříte tak hodiny času při složitých přípravách. Co všechno v naší online aplikaci najdete? ● Interaktivní lekce a animace: Kompletní učivo od stavby atomu a periodické tabulky, přes chemické reakce (elektrolýza, neutralizace) až po organickou chemii. Neviditelné procesy získávají jasnou podobu. ● Podrobnou metodiku pro učitele: Krok za krokem připravené hodiny, jasně definované cíle výuky a tipy, jak uvést experimenty nebo jak s žáky snadno vyvodit tvoření názvosloví. ● Aktivity do hodiny a badatelské listy: Úkoly, kde žáci nejsou jen pasivními posluchači. Sami si tvoří hypotézy a vyvozují závěry – například u oddělování složek směsí (filtrace, destilace) nebo u zkoumání vlastností prvků. ● Testy, procvičování a okamžitá zpětná vazba: Kompletně připravené k interaktivnímu vyplnění v aplikaci i ke stažení a tisku. Díky interaktivní tabuli Vividboard navíc okamžitě vidíte, jak třída látku chápe. ● Plnohodnotný učební text: Slouží jako moderní učební materiál místo klasické učebnice. Je dostupný kdykoliv a z jakéhokoliv zařízení, takže žáci už nemusí nosit těžké knihy v aktovkách. Vividbooks mění pasivní biflování vzorečků v aktivní objevování souvislostí. Obsah má udělenou doložku MŠMT a je plně v souladu s RVP 2025 i moderními trendy ve vzdělávání. 💡 Tip: Digitální učebnici (rozšířený přístup) můžete promítat na interaktivní tabuli pro celou třídu, nebo nechat žáky pracovat samostatně na tabletech. Cena licence se flexibilně odvíjí od počtu vašich žáků.","in stock","new","100.00 CZK","https://www.vividbooks.com/produkt/chemie-digitalni-ucebnice-rozsireny-pristup","https://iekkundgizzdbmkzatdl.supabase.co/storage/v1/object/public/make-93a20b6f-images/1772911820211-tcissq8lgu.png","Vividbooks","","VB-6912f0e15acce25c82c7236c","Software > Computer Software > Educational Software","Chemie"
"68fcbcd2fe0a9f1c3484043f","Fyzika – Digitální učebnice rozšířený přístup","Učit fyziku tak, aby žáci udrželi pozornost a skutečně pochopili probíranou látku, je často výzva. S digitální učebnicí Vividbooks získáte nástroj, který abstraktní fyzikální jevy promění v názorný vizuální zážitek. Nejde ale jen o hezké obrázky pro žáky – je to především komplexní podpora pro vás. Najdete tu úplně vše, co k výuce potřebujete, na jednom místě. Ušetříte tak hodiny času při přípravách. Co všechno v naší online aplikaci najdete? ● Interaktivní lekce s animacemi a otázkami: Názorné vizualizace, které vtáhnou do děje a pomohou pochopit i ty nejsložitější fyzikální jevy. ● Podrobnou metodiku pro učitele: Krok za krokem připravené hodiny, jasně definované cíle výuky a tipy, jak téma uvést nebo jak vést reflexi. ● Aktivity do hodiny a interaktivní úlohy (procvičování): Badatelské úkoly, kde si žáci sami tvoří hypotézy a testují je v praxi. Přístupné z jakéhokoliv zařízení. ● Testy a písemky: Kompletně připravené k interaktivnímu vyplnění v aplikaci i ke stažení a tisku pro klasickou práci v lavici. ● Kompletní učební text a ilustrace: Přehledně shrnuté podstatné informace i rozšiřující zajímavosti, ke kterým se žáci mohou kdykoliv vrátit. ● Pracovní listy: Slouží k upevnění vědomostí (skvěle se doplňují s našimi tištěnými pracovními sešity). Vividbooks mění pasivní poslouchání v aktivní objevování. Navíc s jistotou, že je váš obsah plně v souladu s RVP 2025 a moderními trendy ve vzdělávání (doložka MŠMT je samozřejmostí). 💡 Tip: Digitální učebnici můžete promítat na interaktivní tabuli pro celou třídu, nebo nechat žáky pracovat samostatně na tabletech či počítačích.","in stock","new","0.00 CZK","https://www.vividbooks.com/produkt/fyzika-digitalni-ucebnice-rozsireny-pristup","https://iekkundgizzdbmkzatdl.supabase.co/storage/v1/object/public/make-93a20b6f-images/1772911726306-0sqyr5xcsgfg.png","Vividbooks","","VB-68fcbcd2fe0a9f1c3484043f","Software > Computer Software > Educational Software","Fyzika"
"68fcbcc86bf08a83a4273e5e","Matematika – Digitální učebnice rozšířený přístup","Hledáte způsob, jak žákům lépe přiblížit složitější matematické jevy a zároveň si ušetřit čas při přípravě na hodiny? Digitální učebnice matematiky od Vividbooks je přehledný nástroj, který propojuje osvědčené postupy s výhodami moderních technologií. Naše materiály jsou navrženy tak, aby se flexibilně přizpůsobily vám i tempu vaší třídy. Získáte ucelenou sadu materiálů, kterou můžete využít na interaktivní tabuli pro celou třídu, nebo pro samostatnou práci žáků na tabletech a počítačích. Co všechno v digitální učebnici najdete? ● Dvě učebnicové řady v jedné aplikaci: Mezi oběma přístupy můžete v aplikaci přepínat stisknutím jediného tlačítka a kombinovat tak jejich výhody. Řada Krok za krokem:* Zaměřená na objevování a postupné budování matematické představivosti. Ideální pro vyvození nové látky a pochopení principů. Řada Pro všechny:* Nová, zahuštěnější řada zaměřená na získání početní zručnosti a automatizaci výpočtů (dril). Obsahuje sekce pro intenzivní procvičování a přípravu na testy. ● Pracovní listy s řešením: Všechny materiály máte k dispozici v tištěné i plně interaktivní podobě. Můžete je promítat na tabuli, společně do nich vpisovat a jedním kliknutím si zobrazit správné řešení. ● Diferenciaci výuky: Úlohy jsou gradované podle obtížnosti (od základní úrovně pro všechny, přes standardní, až po nejtěžší úlohy pro přípravu na přijímací zkoušky). Nechybí ani bonusové a rozšiřující příklady pro rychlé počtáře. ● Interaktivní procvičování, testy a soutěže: Široká databáze úloh pro samostatnou práci žáků na tabletech či počítačích. Testy a soutěže se automaticky vyhodnocují a učiteli poskytují okamžitou analýzu výsledků celé třídy. ● Nástroje pro geometrii: Součástí aplikace je praktický nástroj na rýsování přímo na interaktivní tabuli a 3D modely pro snadnou vizualizaci a pochopení prostorových těles. ● Podrobnou metodiku: Nemusíte listovat tlustými příručkami. Metodické pokyny, tipy na vedení hodiny a správná řešení máte k dispozici přímo u konkrétních úloh. Vše je navíc plně v souladu s požadavky revize RVP 2026 (včetně práce s daty a kombinatoriky).","in stock","new","0.00 CZK","https://www.vividbooks.com/produkt/matematika-digitalni-ucebnice-rozsireny-pristup","https://iekkundgizzdbmkzatdl.supabase.co/storage/v1/object/public/make-93a20b6f-images/1772906273431-c6m5t1ykkni.png","Vividbooks","","VB-68fcbcc86bf08a83a4273e5e","Software > Computer Software > Educational Software","Matematika 2. stupeň"
"68fcbcb4c96236df1c3a1b9f","Všechny digitální učebnice pro 2. stupeň, rozšířený přístup","Získejte neomezený přístup ke všem digitálním učebnicím Vividbooks pro 2. stupeň ZŠ. Rozšířená licence nabízí prémiové funkce, detailní metodiky pro učitele a interaktivní obsah pro fyziku, chemii, přírodopis a další předměty.","in stock","new","0.00 CZK","https://www.vividbooks.com/produkt/vsechny-digitalni-ucebnice-pro-2-stupen-rozsireny-pristup","https://iekkundgizzdbmkzatdl.supabase.co/storage/v1/object/public/make-93a20b6f-images/products/68fcbcb4c96236df1c3a1b9f/cover.png","Vividbooks","","VB-68fcbcb4c96236df1c3a1b9f","Software > Computer Software > Educational Software","Ostatní"
"6978fd1776cdbb93ba27c80c","Prvouka 2. ročník / 2. díl","Nová pracovní učebnice prvouky představuje inovativní propojení teoretických znalostí s praktickými zkušenostmi v přírodě. Reaguje na aktuální změny v RVP, klade důraz na rozvoj badatelských dovedností a kritického myšlení. Spojuje klíčová společenská témata s důrazem na udržitelnost a poznávání přírody. Děti se tak učí, jak být zodpovědnými členy společnosti a objevují svět kolem sebe.","in stock","new","75.00 CZK","https://www.vividbooks.com/produkt/prvouka-2-rocnik-2-dil","https://iekkundgizzdbmkzatdl.supabase.co/storage/v1/object/public/make-93a20b6f-images/1778824859416-9oqkoxxjeo9.jpg","Vividbooks","9788088558033","","Media > Books","Prvouka"
"6978fce117da5f2087be9ad3","Prvouka 2. ročník / 1. díl","Nová pracovní učebnice prvouky představuje inovativní propojení teoretických znalostí s praktickými zkušenostmi v přírodě. Reaguje na aktuální změny v RVP, klade důraz na rozvoj badatelských dovedností a kritického myšlení. Spojuje klíčová společenská témata s důrazem na udržitelnost a poznávání přírody. Děti se tak učí, jak být zodpovědnými členy společnosti a objevují svět kolem sebe.","in stock","new","75.00 CZK","https://www.vividbooks.com/produkt/prvouka-2-rocnik-1-dil","https://iekkundgizzdbmkzatdl.supabase.co/storage/v1/object/public/make-93a20b6f-images/1773603849285-j6vryl5bewe.jpg","Vividbooks","9788088558040","","Media > Books","Prvouka"
"6978f6958b6c47d92e40cf72","Matematika 2. ročník / Početníček","Ideální doplněk k hlavní řadě našich pracovních sešitů. Početníček nabízí velké množství dalších příkladů pro důkladné procvičení a zafixování probíraného učiva. Skvělý pomocník pro domácí přípravu i samostatnou práci v hodině.","in stock","new","65.00 CZK","https://www.vividbooks.com/produkt/matematika-2-rocnik-pocetnicek","https://iekkundgizzdbmkzatdl.supabase.co/storage/v1/object/public/make-93a20b6f-images/1773605900638-iuoa4frcn4a.png","Vividbooks","9788088558057","","Media > Books","Matematika 1. stupeň"
"6978f66398562191b68d249f","Matematika 1. ročník / Početníček","Ideální doplněk k hlavní řadě našich pracovních sešitů. Početníček nabízí velké množství dalších příkladů pro důkladné procvičení a zafixování probíraného učiva. Skvělý pomocník pro domácí přípravu i samostatnou práci v hodině.","in stock","new","65.00 CZK","https://www.vividbooks.com/produkt/matematika-1-rocnik-pocetnicek","https://iekkundgizzdbmkzatdl.supabase.co/storage/v1/object/public/make-93a20b6f-images/1773605786058-c3ux3qrfnun.png","Vividbooks","9788088558064","","Media > Books","Matematika 1. stupeň"
"6978e5c8239d8dcce8e72408","Matematika 2. ročník / 3. díl","Pracovní učebnice vede žáky k chápání matematiky jako smysluplné, užitečné a hodnotné činnosti, podporuje jejich víru ve vlastní schopnosti a probouzí nadšení pro intelektuální práci. Nic nemotivuje žáka k práci v matematice více, než když dospěje k porozumění, jak to vlastně je.","in stock","new","75.00 CZK","https://www.vividbooks.com/produkt/matematika-2-rocnik-3-dil","https://iekkundgizzdbmkzatdl.supabase.co/storage/v1/object/public/make-93a20b6f-images/1773605771416-eig6jt4axno.png","Vividbooks","9788088558071","","Media > Books","Matematika 1. stupeň"
"6978e5a557163408b69449c8","Matematika 2. ročník / 2. díl","Pracovní učebnice vede žáky k chápání matematiky jako smysluplné, užitečné a hodnotné činnosti, podporuje jejich víru ve vlastní schopnosti a probouzí nadšení pro intelektuální práci. Nic nemotivuje žáka k práci v matematice více, než když dospěje k porozumění, jak to vlastně je.","in stock","new","75.00 CZK","https://www.vividbooks.com/produkt/matematika-2-rocnik-2-dil","https://iekkundgizzdbmkzatdl.supabase.co/storage/v1/object/public/make-93a20b6f-images/1773605744552-grz9ku90qlb.png","Vividbooks","9788088558088","","Media > Books","Matematika 1. stupeň"
"6978e58828809b8e30624014","Matematika 2. ročník / 1. díl","Pracovní učebnice vede žáky k chápání matematiky jako smysluplné, užitečné a hodnotné činnosti, podporuje jejich víru ve vlastní schopnosti a probouzí nadšení pro intelektuální práci. Nic nemotivuje žáka k práci v matematice více, než když dospěje k porozumění, jak to vlastně je.","in stock","new","75.00 CZK","https://www.vividbooks.com/produkt/matematika-2-rocnik-1-dil","https://iekkundgizzdbmkzatdl.supabase.co/storage/v1/object/public/make-93a20b6f-images/1773603365312-rtdfayp1ooa.png","Vividbooks","9788088558095","","Media > Books","Matematika 1. stupeň"
"6978dd91cb54fc1c0716667c","Český jazyk – Čáranka pro nevázané písmo","Předpísanka slouží pro adaptační období v první třídě a je zaměřena na uvolňovací cviky a nácvik základních tahů. Má formát A4 na šířku a využívá sportovní tematiku, která propojuje psaní s pohybovými hrami v tělesné výchově. Připravuje žáky na psaní hravou a přirozenou formou.","in stock","new","65.00 CZK","https://www.vividbooks.com/produkt/cesky-jazyk-caranka-pro-nevazane-pismo","https://iekkundgizzdbmkzatdl.supabase.co/storage/v1/object/public/make-93a20b6f-images/1773606435174-ofzbyqstrm.png","Vividbooks","","VB-6978dd91cb54fc1c0716667c","Media > Books","Český jazyk"
"6978da93905234d001014e47","Český jazyk – Písanka pro nevázané písmo / 3.díl","Tato varianta písanek je vhodná zejména pro školy využívající genetickou metodu čtení. Nabízí zvětšený formát B5 a sportovní tematiku. K orientaci v liniatuře dětem pomáhá postavička dívky a barevně vyznačený středový pruh inspirovaný německými učebnicemi, což usnadňuje nácvik psaní.","in stock","new","39.00 CZK","https://www.vividbooks.com/produkt/cesky-jazyk-pisanka-pro-nevazane-pismo-3dil","https://iekkundgizzdbmkzatdl.supabase.co/storage/v1/object/public/make-93a20b6f-images/1773606418326-w7ojbsijaoq.png","Vividbooks","","VB-6978da93905234d001014e47","Media > Books","Český jazyk"
"6978da7ac5fd606c776ed17d","Český jazyk – Písanka pro nevázané písmo / 2.díl","Tato varianta písanek je vhodná zejména pro školy využívající genetickou metodu čtení. Nabízí zvětšený formát B5 a sportovní tematiku. K orientaci v liniatuře dětem pomáhá postavička dívky a barevně vyznačený středový pruh inspirovaný německými učebnicemi, což usnadňuje nácvik psaní.","in stock","new","39.00 CZK","https://www.vividbooks.com/produkt/cesky-jazyk-pisanka-pro-nevazane-pismo-2dil","https://iekkundgizzdbmkzatdl.supabase.co/storage/v1/object/public/make-93a20b6f-images/1773606402493-i1dxyxomws.png","Vividbooks","","VB-6978da7ac5fd606c776ed17d","Media > Books","Český jazyk"
"6978da503c0ff6a73143f95e","Český jazyk – Písanka pro nevázané písmo / 1.díl","Tato varianta písanek je vhodná zejména pro školy využívající genetickou metodu čtení. Nabízí zvětšený formát B5 a sportovní tematiku. K orientaci v liniatuře dětem pomáhá postavička dívky a barevně vyznačený středový pruh inspirovaný německými učebnicemi, což usnadňuje nácvik psaní.","in stock","new","39.00 CZK","https://www.vividbooks.com/produkt/cesky-jazyk-pisanka-pro-nevazane-pismo-1dil","https://iekkundgizzdbmkzatdl.supabase.co/storage/v1/object/public/make-93a20b6f-images/1773606385447-m4fpz9o3y9m.png","Vividbooks","","VB-6978da503c0ff6a73143f95e","Media > Books","Český jazyk"
"6978d9ec4dc561fa9684c48a","Český jazyk – Písanka pro vázané písmo / 3.díl","Třídílný set písanek využívá nově vyvinuté písmo Vividbooks script, které představuje aktualizovanou tradiční předlohu (tzv. facelift) vázaného písma. Písmo je oproti dosavadním standardům širší a otevřenější, což snižuje frustraci dětí se slabší jemnou motorikou. Velká písmena jsou zbavena nadbytečných kudrlinek. Písanky mají větší formát B5 a jsou navrženy tak, aby dětem psaní co nejvíce usnadnily.","in stock","new","39.00 CZK","https://www.vividbooks.com/produkt/cesky-jazyk-pisanka-pro-vazane-pismo-3dil","https://iekkundgizzdbmkzatdl.supabase.co/storage/v1/object/public/make-93a20b6f-images/1773606367316-it7myy4b8yg.png","Vividbooks","","VB-6978d9ec4dc561fa9684c48a","Media > Books","Český jazyk"
"6978d9d045e81826883d44f5","Český jazyk – Písanka pro vázané písmo / 2.díl","Třídílný set písanek využívá nově vyvinuté písmo Vividbooks script, které představuje aktualizovanou tradiční předlohu (tzv. facelift) vázaného písma. Písmo je oproti dosavadním standardům širší a otevřenější, což snižuje frustraci dětí se slabší jemnou motorikou. Velká písmena jsou zbavena nadbytečných kudrlinek. Písanky mají větší formát B5 a jsou navrženy tak, aby dětem psaní co nejvíce usnadnily.","in stock","new","39.00 CZK","https://www.vividbooks.com/produkt/cesky-jazyk-pisanka-pro-vazane-pismo-2dil","https://iekkundgizzdbmkzatdl.supabase.co/storage/v1/object/public/make-93a20b6f-images/1773606349486-qd6ay7tv4to.png","Vividbooks","","VB-6978d9d045e81826883d44f5","Media > Books","Český jazyk"
"6978d9a8fc84d8cb8d96e127","Český jazyk – Písanka pro vázané písmo / 1.díl","Třídílný set písanek využívá nově vyvinuté písmo Vividbooks script, které představuje aktualizovanou tradiční předlohu (tzv. facelift) vázaného písma. Písmo je oproti dosavadním standardům širší a otevřenější, což snižuje frustraci dětí se slabší jemnou motorikou. Velká písmena jsou zbavena nadbytečných kudrlinek. Písanky mají větší formát B5 a jsou navrženy tak, aby dětem psaní co nejvíce usnadnily.","in stock","new","39.00 CZK","https://www.vividbooks.com/produkt/cesky-jazyk-pisanka-pro-vazane-pismo-1dil","https://iekkundgizzdbmkzatdl.supabase.co/storage/v1/object/public/make-93a20b6f-images/1773606281525-ufa9y7sb809.png","Vividbooks","","VB-6978d9a8fc84d8cb8d96e127","Media > Books","Český jazyk"
"6978d5ec11a51e62aaf9e233","Český jazyk – Čáranka pro vázané písmo","Předpísanka slouží pro adaptační období v první třídě a je zaměřena na uvolňovací cviky a nácvik základních tahů. Má formát A4 na šířku a využívá sportovní tematiku, která propojuje psaní s pohybovými hrami v tělesné výchově. Připravuje žáky na psaní hravou a přirozenou formou.","in stock","new","65.00 CZK","https://www.vividbooks.com/produkt/cesky-jazyk-caranka-pro-vazane-pismo","https://iekkundgizzdbmkzatdl.supabase.co/storage/v1/object/public/make-93a20b6f-images/1773606263931-abjwg821jz.png","Vividbooks","","VB-6978d5ec11a51e62aaf9e233","Media > Books","Český jazyk"
"6978d59fc91ca2be0885905b","Český jazyk – Čárymáry pro předškoláky","Sada pracovních listů pro předškoláky - rozvoj základních kompetencí před nástupem do první třídy: zraková a sluchová analýza, předmatematické dovednosti, grafomotorika, jazykové a komunikační kompetence, časoprostorová orientace, rozvoj paměti, sociální a emoční kompetence aj.","in stock","new","85.00 CZK","https://www.vividbooks.com/produkt/cesky-jazyk-carymary-pro-predskolaky","https://iekkundgizzdbmkzatdl.supabase.co/storage/v1/object/public/make-93a20b6f-images/1773606245020-7a8ggnnmrlq.png","Vividbooks","","VB-6978d59fc91ca2be0885905b","Media > Books","Český jazyk"
"6978b22921e15c04d6f42bb6","Matematika – Pracovní sešit krok za krokem pro 9. ročník – 2. díl","Základem Vividbooks Matematiky je pracovní sešit, ve kterém žáci přímo řeší předem zadané úkoly a úlohy. Pracovní sešit slouží i jako hlavní osnova předmětu. –","in stock","new","125.00 CZK","https://www.vividbooks.com/produkt/matematika-pracovni-sesit-krok-za-krokem-pro-9-rocnik-2-dil","https://iekkundgizzdbmkzatdl.supabase.co/storage/v1/object/public/make-93a20b6f-images/1773602794556-cmvrqovcmku.webp","Vividbooks","9788090902954","","Media > Books","Matematika 2. stupeň"
"6978b1d1b1b6e9e495ae7157","Matematika – Pracovní sešit krok za krokem pro 8. ročník – 2. díl","Základem Vividbooks Matematiky je pracovní sešit, ve kterém žáci přímo řeší předem zadané úkoly a úlohy. Pracovní sešit slouží i jako hlavní osnova předmětu. –","in stock","new","125.00 CZK","https://www.vividbooks.com/produkt/matematika-pracovni-sesit-krok-za-krokem-pro-8-rocnik-2-dil","https://iekkundgizzdbmkzatdl.supabase.co/storage/v1/object/public/make-93a20b6f-images/1773602773074-ataqaw605h6.webp","Vividbooks","9788090902961","","Media > Books","Matematika 2. stupeň"
"6978b19e5d48cacd871f2491","Matematika – Pracovní sešit krok za krokem pro 6. ročník – 2. díl","Základem Vividbooks Matematiky je pracovní sešit, ve kterém žáci přímo řeší předem zadané úkoly a úlohy. Pracovní sešit slouží i jako hlavní osnova předmětu.","in stock","new","125.00 CZK","https://www.vividbooks.com/produkt/matematika-pracovni-sesit-krok-za-krokem-pro-6-rocnik-2-dil","https://iekkundgizzdbmkzatdl.supabase.co/storage/v1/object/public/make-93a20b6f-images/1773602692548-4x43oehi9im.webp","Vividbooks","9788090890053","","Media > Books","Matematika 2. stupeň"
"69789e5a40ef0a3b3f205fc7","Matematika – Pracovní sešit pro všechny pro 9. ročník – 1. díl","Matematika pro všechny představuje moderní řadu pracovních sešitů navrženou pro učitele, kteří hledají efektivní nástroj pro diferenciaci výuky a důkladné procvičování učiva. Sešity nabízejí tisíce úloh rozdělených do tří úrovní obtížnosti – od základního pochopení látky až po náročné příklady připravující žáky na přijímací zkoušky. Díky promyšlené struktuře, která kombinuje volný prostor pro vlastní zápisky s bohatou zásobou cvičení, se tyto materiály snadno přizpůsobí tempu každé třídy a skvěle doplňují jakoukoli učebnici či vlastní výklad pedagoga.","in stock","new","125.00 CZK","https://www.vividbooks.com/produkt/matematika-pracovni-sesit-pro-vsechny-pro-9-rocnik-1-dil","https://iekkundgizzdbmkzatdl.supabase.co/storage/v1/object/public/make-93a20b6f-images/1773603086196-i5wjw381v2e.png","Vividbooks","9788088558019","","Media > Books","Matematika 2. stupeň"
"69789dea8189125fe32dd217","Matematika – Pracovní sešit pro všechny pro 8. ročník – 1. díl","Matematika pro všechny představuje moderní řadu pracovních sešitů navrženou pro učitele, kteří hledají efektivní nástroj pro diferenciaci výuky a důkladné procvičování učiva. Sešity nabízejí tisíce úloh rozdělených do tří úrovní obtížnosti – od základního pochopení látky až po náročné příklady připravující žáky na přijímací zkoušky. Díky promyšlené struktuře, která kombinuje volný prostor pro vlastní zápisky s bohatou zásobou cvičení, se tyto materiály snadno přizpůsobí tempu každé třídy a skvěle doplňují jakoukoli učebnici či vlastní výklad pedagoga.","in stock","new","125.00 CZK","https://www.vividbooks.com/produkt/matematika-pracovni-sesit-pro-vsechny-pro-8-rocnik-1-dil","https://iekkundgizzdbmkzatdl.supabase.co/storage/v1/object/public/make-93a20b6f-images/1773602957341-gsgi7no323p.png","Vividbooks","9788088558026","","Media > Books","Matematika 2. stupeň"
"69789d25fca9c5277081c8e6","Matematika – Pracovní sešit pro všechny pro 7. ročník – 2. díl","Matematika pro všechny představuje moderní řadu pracovních sešitů navrženou pro učitele, kteří hledají efektivní nástroj pro diferenciaci výuky a důkladné procvičování učiva. Sešity nabízejí tisíce úloh rozdělených do tří úrovní obtížnosti – od základního pochopení látky až po náročné příklady připravující žáky na přijímací zkoušky. Díky promyšlené struktuře, která kombinuje volný prostor pro vlastní zápisky s bohatou zásobou cvičení, se tyto materiály snadno přizpůsobí tempu každé třídy a skvěle doplňují jakoukoli učebnici či vlastní výklad pedagoga.","in stock","new","125.00 CZK","https://www.vividbooks.com/produkt/matematika-pracovni-sesit-pro-vsechny-pro-7-rocnik-2-dil","https://iekkundgizzdbmkzatdl.supabase.co/storage/v1/object/public/make-93a20b6f-images/1773602943379-flr2qkoa79w.png","Vividbooks","9788090981393","","Media > Books","Matematika 2. stupeň"
"69789cd5e8999f56fe678ba4","Matematika – Pracovní sešit pro všechny pro 7. ročník - 1. díl","Matematika pro všechny představuje moderní řadu pracovních sešitů navrženou pro učitele, kteří hledají efektivní nástroj pro diferenciaci výuky a důkladné procvičování učiva. Sešity nabízejí tisíce úloh rozdělených do tří úrovní obtížnosti – od základního pochopení látky až po náročné příklady připravující žáky na přijímací zkoušky. Díky promyšlené struktuře, která kombinuje volný prostor pro vlastní zápisky s bohatou zásobou cvičení, se tyto materiály snadno přizpůsobí tempu každé třídy a skvěle doplňují jakoukoli učebnici či vlastní výklad pedagoga.","in stock","new","125.00 CZK","https://www.vividbooks.com/produkt/matematika-pracovni-sesit-pro-vsechny-pro-7-rocnik---1-dil","https://iekkundgizzdbmkzatdl.supabase.co/storage/v1/object/public/make-93a20b6f-images/1773602929444-i08decrif2n.png","Vividbooks","9788090948594","","Media > Books","Matematika 2. stupeň"
"69789c4c70cc86a6b39b3302","Matematika – Pracovní sešit pro všechny pro 6. ročník – 1. díl","Matematika pro všechny představuje moderní řadu pracovních sešitů navrženou pro učitele, kteří hledají efektivní nástroj pro diferenciaci výuky a důkladné procvičování učiva. Sešity nabízejí tisíce úloh rozdělených do tří úrovní obtížnosti – od základního pochopení látky až po náročné příklady připravující žáky na přijímací zkoušky. Díky promyšlené struktuře, která kombinuje volný prostor pro vlastní zápisky s bohatou zásobou cvičení, se tyto materiály snadno přizpůsobí tempu každé třídy a skvěle doplňují jakoukoli učebnici či vlastní výklad pedagoga.","in stock","new","125.00 CZK","https://www.vividbooks.com/produkt/matematika-pracovni-sesit-pro-vsechny-pro-6-rocnik-1-dil","https://iekkundgizzdbmkzatdl.supabase.co/storage/v1/object/public/make-93a20b6f-images/1773602895384-y8piutnhyoh.png","Vividbooks","9788090948532","","Media > Books","Matematika 2. stupeň"
"683db8736ed9eead90a423e4","Přírodopis – Pracovní sešit pro 9. ročník","Místo pouhých seznamů druhů ukazuje Vividbooks Přírodopis živou i neživou přírodu v širším kontextu a vzájemných vztazích. Díky interaktivním aktivitám a komplexním úlohám rozvíjí dovednosti žáků, včetně vědeckého myšlení. Nezapomíná ale ani na budování vztahu k přírodě a environmentální výchovu.","in stock","new","125.00 CZK","https://www.vividbooks.com/produkt/prirodopis-pracovni-sesit-pro-9-rocnik","https://iekkundgizzdbmkzatdl.supabase.co/storage/v1/object/public/make-93a20b6f-images/1773603165628-ec0zu4d67ke.png","Vividbooks","9788090902978","","Media > Books","Přírodopis"
"67d3375a40d397669f6bfdcd","Přírodopis – Pracovní sešit pro 8. ročník – Člověk","Místo pouhých seznamů druhů ukazuje Vividbooks Přírodopis živou i neživou přírodu v širším kontextu a vzájemných vztazích. Díky interaktivním aktivitám a komplexním úlohám rozvíjí dovednosti žáků, včetně vědeckého myšlení. Nezapomíná ale ani na budování vztahu k přírodě a environmentální výchovu.","in stock","new","125.00 CZK","https://www.vividbooks.com/produkt/prirodopis-pracovni-sesit-pro-8-rocnik-clovek","https://iekkundgizzdbmkzatdl.supabase.co/storage/v1/object/public/make-93a20b6f-images/1773603182827-b2ts26o1fue.webp","Vividbooks","9788090948501","","Media > Books","Přírodopis"
"67d33709a2cda4edc94f9dac","Matematika – Pracovní sešit pro všechny pro 9. ročník – 2. díl","Matematika pro všechny představuje moderní řadu pracovních sešitů navrženou pro učitele, kteří hledají efektivní nástroj pro diferenciaci výuky a důkladné procvičování učiva. Sešity nabízejí tisíce úloh rozdělených do tří úrovní obtížnosti – od základního pochopení látky až po náročné příklady připravující žáky na přijímací zkoušky. Díky promyšlené struktuře, která kombinuje volný prostor pro vlastní zápisky s bohatou zásobou cvičení, se tyto materiály snadno přizpůsobí tempu každé třídy a skvěle doplňují jakoukoli učebnici či vlastní výklad pedagoga.","in stock","new","125.00 CZK","https://www.vividbooks.com/produkt/matematika-pracovni-sesit-pro-vsechny-pro-9-rocnik-2-dil","https://iekkundgizzdbmkzatdl.supabase.co/storage/v1/object/public/make-93a20b6f-images/1773603073284-b6jcu8el99k.png","Vividbooks","9788088558026","","Media > Books","Matematika 2. stupeň"
"67d336d8dc580626990f68e8","Matematika – Pracovní sešit krok za krokem pro 9. ročník – 1. díl","Základem Vividbooks Matematiky je pracovní sešit, ve kterém žáci přímo řeší předem zadané úkoly a úlohy. Pracovní sešit slouží i jako hlavní osnova předmětu. –","in stock","new","125.00 CZK","https://www.vividbooks.com/produkt/matematika-pracovni-sesit-krok-za-krokem-pro-9-rocnik-1-dil","https://iekkundgizzdbmkzatdl.supabase.co/storage/v1/object/public/make-93a20b6f-images/1773602809691-hum6u3p5cpc.webp","Vividbooks","9788090902985","","Media > Books","Matematika 2. stupeň"
"67728683a77c64039e9ac98b","Matematika 1. ročník / 3. díl","Pracovní učebnice vede žáky k chápání matematiky jako smysluplné, užitečné a hodnotné činnosti, podporuje jejich víru ve vlastní schopnosti a probouzí nadšení pro intelektuální práci. Nic nemotivuje žáka k práci v matematice více, než když dospěje k porozumění, jak to vlastně je.","in stock","new","75.00 CZK","https://www.vividbooks.com/produkt/matematika-1-rocnik-3-dil","https://iekkundgizzdbmkzatdl.supabase.co/storage/v1/object/public/make-93a20b6f-images/1773603350470-oqxu4mz408j.png","Vividbooks","9788090948563","","Media > Books","Matematika 1. stupeň"
"677286689739a3a8d35d91a0","Matematika 1. ročník / 2. díl","Pracovní učebnice vede žáky k chápání matematiky jako smysluplné, užitečné a hodnotné činnosti, podporuje jejich víru ve vlastní schopnosti a probouzí nadšení pro intelektuální práci. Nic nemotivuje žáka k práci v matematice více, než když dospěje k porozumění, jak to vlastně je.","in stock","new","75.00 CZK","https://www.vividbooks.com/produkt/matematika-1-rocnik-2-dil","https://iekkundgizzdbmkzatdl.supabase.co/storage/v1/object/public/make-93a20b6f-images/1773603331525-ebp1r6h0goe.png","Vividbooks","9788090948556","","Media > Books","Matematika 1. stupeň"
"6772863ca77c64039e9a74db","Matematika 1. ročník / 1. díl","Pracovní učebnice vede žáky k chápání matematiky jako smysluplné, užitečné a hodnotné činnosti, podporuje jejich víru ve vlastní schopnosti a probouzí nadšení pro intelektuální práci. Nic nemotivuje žáka k práci v matematice více, než když dospěje k porozumění, jak to vlastně je.","in stock","new","75.00 CZK","https://www.vividbooks.com/produkt/matematika-1-rocnik-1-dil","https://iekkundgizzdbmkzatdl.supabase.co/storage/v1/object/public/make-93a20b6f-images/1773603310291-vxkn17dwtg.png","Vividbooks","9788090948525","","Media > Books","Matematika 1. stupeň"
"67152e59b2423ee7483174e7","Prvouka 1. ročník / 2. díl","Nová pracovní učebnice prvouky představuje inovativní propojení teoretických znalostí s praktickými zkušenostmi v přírodě. Reaguje na aktuální změny v RVP, klade důraz na rozvoj badatelských dovedností a kritického myšlení. Spojuje klíčová společenská témata s důrazem na udržitelnost a poznávání přírody. Děti se tak učí, jak být zodpovědnými členy společnosti a objevují svět kolem sebe.","in stock","new","75.00 CZK","https://www.vividbooks.com/produkt/prvouka-1-rocnik-2-dil","https://iekkundgizzdbmkzatdl.supabase.co/storage/v1/object/public/make-93a20b6f-images/1773603954779-ly0wbz6oeeg.png","Vividbooks","9788090948549","","Media > Books","Prvouka"
"67152e3886dc60b7c0e2360f","Prvouka 1. ročník / 1. díl","Nová pracovní učebnice prvouky představuje inovativní propojení teoretických znalostí s praktickými zkušenostmi v přírodě. Reaguje na aktuální změny v RVP, klade důraz na rozvoj badatelských dovedností a kritického myšlení. Spojuje klíčová společenská témata s důrazem na udržitelnost a poznávání přírody. Děti se tak učí, jak být zodpovědnými členy společnosti a objevují svět kolem sebe.","in stock","new","75.00 CZK","https://www.vividbooks.com/produkt/prvouka-1-rocnik-1-dil","https://iekkundgizzdbmkzatdl.supabase.co/storage/v1/object/public/make-93a20b6f-images/1773603917284-gkt509tga48.png","Vividbooks","9788090948518","","Media > Books","Prvouka"
"65b8f291469f25a56a49130e","Přírodopis – Pracovní sešit pro 7. ročník","Místo pouhých seznamů druhů ukazuje Vividbooks Přírodopis živou i neživou přírodu v širším kontextu a vzájemných vztazích. Díky interaktivním aktivitám a komplexním úlohám rozvíjí dovednosti žáků, včetně vědeckého myšlení. Nezapomíná ale ani na budování vztahu k přírodě a environmentální výchovu.","in stock","new","125.00 CZK","https://www.vividbooks.com/produkt/prirodopis-pracovni-sesit-pro-7-rocnik","https://iekkundgizzdbmkzatdl.supabase.co/storage/v1/object/public/make-93a20b6f-images/1773603196742-5gromuri6y.webp","Vividbooks","9788090902978","","Media > Books","Přírodopis"
"65b8f1064f6fad792322d3b0","Matematika – Pracovní sešit pro všechny pro 8. ročník – 2. díl","Matematika pro všechny představuje moderní řadu pracovních sešitů navrženou pro učitele, kteří hledají efektivní nástroj pro diferenciaci výuky a důkladné procvičování učiva. Sešity nabízejí tisíce úloh rozdělených do tří úrovní obtížnosti – od základního pochopení látky až po náročné příklady připravující žáky na přijímací zkoušky. Díky promyšlené struktuře, která kombinuje volný prostor pro vlastní zápisky s bohatou zásobou cvičení, se tyto materiály snadno přizpůsobí tempu každé třídy a skvěle doplňují jakoukoli učebnici či vlastní výklad pedagoga.","in stock","new","125.00 CZK","https://www.vividbooks.com/produkt/matematika-pracovni-sesit-pro-vsechny-pro-8-rocnik-2-dil","https://iekkundgizzdbmkzatdl.supabase.co/storage/v1/object/public/make-93a20b6f-images/1773602973679-h89u5it1adk.png","Vividbooks","9788088558002","","Media > Books","Matematika 2. stupeň"
"65b8f002885310716c0dab90","Matematika – Pracovní sešit krok za krokem pro 8. ročník – 1. díl","Základem Vividbooks Matematiky je pracovní sešit, ve kterém žáci přímo řeší předem zadané úkoly a úlohy. Pracovní sešit slouží i jako hlavní osnova předmětu. – E","in stock","new","125.00 CZK","https://www.vividbooks.com/produkt/matematika-pracovni-sesit-krok-za-krokem-pro-8-rocnik-1-dil","https://iekkundgizzdbmkzatdl.supabase.co/storage/v1/object/public/make-93a20b6f-images/1773602746043-p5p4xr49kcj.webp","Vividbooks","9788090902954","","Media > Books","Matematika 2. stupeň"
"65a01b6739d3fb0993878f66","Matematika – Pracovní sešit krok za krokem pro 7. ročník – 2. díl","Základem Vividbooks Matematiky je pracovní sešit, ve kterém žáci přímo řeší předem zadané úkoly a úlohy. Pracovní sešit slouží i jako hlavní osnova předmětu.","in stock","new","125.00 CZK","https://www.vividbooks.com/produkt/matematika-pracovni-sesit-krok-za-krokem-pro-7-rocnik-2-dil","https://iekkundgizzdbmkzatdl.supabase.co/storage/v1/object/public/make-93a20b6f-images/1773602733653-gsik4c18tv.webp","Vividbooks","9788090902947","","Media > Books","Matematika 2. stupeň"
"65a019cdd2c5bf9d6587d528","Matematika – Pracovní sešit krok za krokem pro 7. ročník - 1. díl","Základem Vividbooks Matematiky je pracovní sešit, ve kterém žáci přímo řeší předem zadané úkoly a úlohy. Pracovní sešit slouží i jako hlavní osnova předmětu.","in stock","new","125.00 CZK","https://www.vividbooks.com/produkt/matematika-pracovni-sesit-krok-za-krokem-pro-7-rocnik---1-dil","https://iekkundgizzdbmkzatdl.supabase.co/storage/v1/object/public/make-93a20b6f-images/1773602715845-vd6ohwfr17.webp","Vividbooks","9788090902930","","Media > Books","Matematika 2. stupeň"
"652fe03f69fc6e1aad04f35d","Přírodopis – Pracovní sešit pro 6. ročník","Místo pouhých seznamů druhů ukazuje Vividbooks Přírodopis živou i neživou přírodu v širším kontextu a vzájemných vztazích. Díky interaktivním aktivitám a komplexním úlohám rozvíjí dovednosti žáků, včetně vědeckého myšlení. Nezapomíná ale ani na budování vztahu k přírodě a environmentální výchovu.","in stock","new","125.00 CZK","https://www.vividbooks.com/produkt/prirodopis-pracovni-sesit-pro-6-rocnik","https://iekkundgizzdbmkzatdl.supabase.co/storage/v1/object/public/make-93a20b6f-images/1773603212736-omtxsa1ce8c.webp","Vividbooks","9788090902923","","Media > Books","Přírodopis"
"644ba876be660b76a2568b2e","Matematika – Pracovní sešit pro všechny pro 6. ročník – 2. díl","Matematika pro všechny představuje moderní řadu pracovních sešitů navrženou pro učitele, kteří hledají efektivní nástroj pro diferenciaci výuky a důkladné procvičování učiva. Sešity nabízejí tisíce úloh rozdělených do tří úrovní obtížnosti – od základního pochopení látky až po náročné příklady připravující žáky na přijímací zkoušky. Díky promyšlené struktuře, která kombinuje volný prostor pro vlastní zápisky s bohatou zásobou cvičení, se tyto materiály snadno přizpůsobí tempu každé třídy a skvěle doplňují jakoukoli učebnici či vlastní výklad pedagoga.","in stock","new","125.00 CZK","https://www.vividbooks.com/produkt/matematika-pracovni-sesit-pro-vsechny-pro-6-rocnik-2-dil","https://iekkundgizzdbmkzatdl.supabase.co/storage/v1/object/public/make-93a20b6f-images/1773602912424-d6t8fhq75rh.png","Vividbooks","9788090948587","","Media > Books","Matematika 2. stupeň"
"64135780db7f1b6b7f727a89","Fyzika – pracovní sešit pro 9. ročník","Dejte žákům do rukou materiály, se kterými je bude fyzika bavit. Pracovní sešit Vividbooks převádí složité fyzikální jevy do srozumitelné podoby. Můžete ho využít jako klasický sešit pro procvičování, nebo ho propojit s naší aplikací pro maximální vizuální zážitek z výuky. Nechybí ani prostor pro vlastní poznámky žáků. Při nákupu od 15 kusů získáte přístup k online učebnímu textu zcela zdarma.","in stock","new","125.00 CZK","https://www.vividbooks.com/produkt/fyzika-pracovni-sesit-pro-9-rocnik","https://iekkundgizzdbmkzatdl.supabase.co/storage/v1/object/public/make-93a20b6f-images/1773586835345-i3ownb749qn.webp","Vividbooks","9788090890039","","Media > Books","Fyzika"
"64135780db7f1bcf9a727a86","Chemie – pracovní sešit – 2. díl (9. ročník)","Dejte žákům do rukou materiály, se kterými je bude chemie bavit. Pracovní sešit Vividbooks převádí neviditelný svět atomů, molekul a reakcí do srozumitelné podoby. Můžete ho využít jako klasický sešit pro procvičování, nebo ho propojit s naší aplikací pro maximální vizuální zážitek z výuky. Nechybí ani prostor pro vlastní poznámky a nákresy pokusů. Při nákupu od 15 kusů získáte přístup k online učebnímu textu zcela zdarma.","in stock","new","100.00 CZK","https://www.vividbooks.com/produkt/chemie-pracovni-sesit-2-dil-9-rocnik","https://iekkundgizzdbmkzatdl.supabase.co/storage/v1/object/public/make-93a20b6f-images/1773602639840-hi20gqzmunb.webp","Vividbooks","9788090902916","","Media > Books","Chemie"
"64135780db7f1bb9cf727a81","Chemie – pracovní sešit – 1. díl (8. ročník)","Dejte žákům do rukou materiály, se kterými je bude chemie bavit. Pracovní sešit Vividbooks převádí neviditelný svět atomů, molekul a reakcí do srozumitelné podoby. Můžete ho využít jako klasický sešit pro procvičování, nebo ho propojit s naší aplikací pro maximální vizuální zážitek z výuky. Nechybí ani prostor pro vlastní poznámky a nákresy pokusů. Při nákupu od 15 kusů získáte přístup k online učebnímu textu zcela zdarma.","in stock","new","100.00 CZK","https://www.vividbooks.com/produkt/chemie-pracovni-sesit-1-dil-8-rocnik","https://iekkundgizzdbmkzatdl.supabase.co/storage/v1/object/public/make-93a20b6f-images/1773602656594-qszbmfqb75l.webp","Vividbooks","9788090902909","","Media > Books","Chemie"
"64135780db7f1b538a727a8b","Matematika – Pracovní sešit krok za krokem pro 6. ročník – 1. díl","Základem Vividbooks Matematiky je pracovní sešit, ve kterém žáci přímo řeší předem zadané úkoly a úlohy. Pracovní sešit slouží i jako hlavní osnova předmětu.","in stock","new","125.00 CZK","https://www.vividbooks.com/produkt/matematika-pracovni-sesit-krok-za-krokem-pro-6-rocnik-1-dil","https://iekkundgizzdbmkzatdl.supabase.co/storage/v1/object/public/make-93a20b6f-images/1773602678011-l8qqqpozd2e.png","Vividbooks","9788090890046","","Media > Books","Matematika 2. stupeň"
"64135780db7f1b2caa727a84","Fyzika – pracovní sešit pro 8. ročník","Dejte žákům do rukou materiály, se kterými je bude fyzika bavit. Pracovní sešit Vividbooks převádí složité fyzikální jevy do srozumitelné podoby. Můžete ho využít jako klasický sešit pro procvičování, nebo ho propojit s naší aplikací pro maximální vizuální zážitek z výuky. Nechybí ani prostor pro vlastní poznámky žáků. Při nákupu od 15 kusů získáte přístup k online učebnímu textu zcela zdarma.","in stock","new","125.00 CZK","https://www.vividbooks.com/produkt/fyzika-pracovni-sesit-pro-8-rocnik","https://iekkundgizzdbmkzatdl.supabase.co/storage/v1/object/public/make-93a20b6f-images/1773586800379-zj09nlv0jif.webp","Vividbooks","9788090890022","","Media > Books","Fyzika"
"64135780db7f1b07e1727a8a","Fyzika – pracovní sešit pro 7. ročník","Dejte žákům do rukou materiály, se kterými je bude fyzika bavit. Pracovní sešit Vividbooks převádí složité fyzikální jevy do srozumitelné podoby. Můžete ho využít jako klasický sešit pro procvičování, nebo ho propojit s naší aplikací pro maximální vizuální zážitek z výuky. Nechybí ani prostor pro vlastní poznámky žáků. Při nákupu od 15 kusů získáte přístup k online učebnímu textu zcela zdarma.","in stock","new","125.00 CZK","https://www.vividbooks.com/produkt/fyzika-pracovni-sesit-pro-7-rocnik","https://iekkundgizzdbmkzatdl.supabase.co/storage/v1/object/public/make-93a20b6f-images/1773586768843-3fmj5ahz8u1.webp","Vividbooks","9788090890015","","Media > Books","Fyzika"
"64135780db7f1b7aac727a80","Fyzika – pracovní sešit pro 6. ročník","Dejte žákům do rukou materiály, se kterými je bude fyzika bavit. Pracovní sešit Vividbooks převádí složité fyzikální jevy do srozumitelné podoby. Můžete ho využít jako klasický sešit pro procvičování, nebo ho propojit s naší aplikací pro maximální vizuální zážitek z výuky. Nechybí ani prostor pro vlastní poznámky žáků. Při nákupu od 15 kusů získáte přístup k online učebnímu textu zcela zdarma.","in stock","new","125.00 CZK","https://www.vividbooks.com/produkt/fyzika-pracovni-sesit-pro-6-rocnik","https://iekkundgizzdbmkzatdl.supabase.co/storage/v1/object/public/make-93a20b6f-images/1773586787125-suqqssqwjco.webp","Vividbooks","9788090890008","","Media > Books","Fyzika"